{"name":"SaudacaoIntent","identifier":"5CUOW2X7R0","description":"Comprimenta o usuário quando o mesmo inicia um conversa nova","parentIntentSignature":null,"sampleUtterances":[{"utterance":"oi"},{"utterance":"olá"},{"utterance":"bom dia"},{"utterance":"boa tarde"},{"utterance":"boa noite"},{"utterance":"Agenda"},{"utterance":"iniciar agenda"},{"utterance":"iniciar"},{"utterance":"ativar"},{"utterance":"start"},{"utterance":"ativar agenda"},{"utterance":"abrir agenda"},{"utterance":"Quero agendar algo"},{"utterance":"Como vai?"},{"utterance":"Oi, tudo bem?"},{"utterance":"Vamos lá"},{"utterance":"Quero que abra minha agenda"},{"utterance":"No que você pode me ajudar?"},{"utterance":"Quero ajudar com minha agenda"},{"utterance":"Me ajude"}],"intentConfirmationSetting":null,"intentClosingSetting":null,"initialResponseSetting":{"conditional":null,"codeHook":{"isActive":true,"enableCodeHookInvocation":true,"postCodeHookSpecification":{"failureResponse":null,"failureNextStep":{"sessionAttributes":null,"intent":{"name":null,"slots":null},"dialogAction":{"type":"EndConversation","slotToElicit":null,"suppressNextMessage":null}},"failureConditional":null,"successResponse":null,"successNextStep":{"sessionAttributes":null,"intent":{"name":null,"slots":null},"dialogAction":{"type":"EndConversation","slotToElicit":null,"suppressNextMessage":null}},"successConditional":null,"timeoutResponse":null,"timeoutNextStep":{"sessionAttributes":null,"intent":{"name":null,"slots":null},"dialogAction":{"type":"EndConversation","slotToElicit":null,"suppressNextMessage":null}},"timeoutConditional":null},"invocationLabel":null},"nextStep":{"sessionAttributes":null,"intent":{"name":null,"slots":null},"dialogAction":{"type":"InvokeDialogCodeHook","slotToElicit":null,"suppressNextMessage":null}},"initialResponse":{"messageGroupsList":[{"message":{"ssmlMessage":null,"customPayload":null,"plainTextMessage":{"value":"Olá, sou o seu bot de agendamentos, essas são minhas funções: "},"imageResponseCard":null},"variations":null},{"message":{"ssmlMessage":null,"customPayload":null,"plainTextMessage":null,"imageResponseCard":{"title":"O que deseja fazer?","subtitle":null,"imageUrl":null,"buttonsList":[{"value":"Agendar Compromisso","text":"Agendar Compromisso"},{"value":"Cancelar Compromisso","text":"Cancelar Compromisso"},{"value":"Consultar Agenda","text":"Consultar Agenda"},{"value":"Editar Compromisso","text":"Editar Compromisso"}]}},"variations":null}],"allowInterrupt":true}},"inputContexts":null,"outputContexts":null,"kendraConfiguration":null,"qnAIntentConfiguration":null,"bedrockAgentIntentConfiguration":null,"dialogCodeHook":null,"fulfillmentCodeHook":null,"slotPriorities":[]}