{"name":"TipoCompromisso","identifier":"BSOTQ4VBT3","description":null,"slotTypeValues":[{"synonyms":null,"sampleValue":{"value":"Reunião"}},{"synonyms":null,"sampleValue":{"value":"Consulta médica"}},{"synonyms":null,"sampleValue":{"value":"Entrevista"}},{"synonyms":null,"sampleValue":{"value":"Treinamento"}},{"synonyms":null,"sampleValue":{"value":"Conferência"}},{"synonyms":null,"sampleValue":{"value":"Workshop"}},{"synonyms":null,"sampleValue":{"value":"Reunião de equipe"}},{"synonyms":null,"sampleValue":{"value":"Reunião com cliente"}},{"synonyms":null,"sampleValue":{"value":"Consulta odontológica"}},{"synonyms":null,"sampleValue":{"value":"Consulta com psicólogo"}},{"synonyms":null,"sampleValue":{"value":"Check-up"}},{"synonyms":null,"sampleValue":{"value":"Entrevista de emprego"}},{"synonyms":null,"sampleValue":{"value":"Jogo de futebol"}},{"synonyms":null,"sampleValue":{"value":"Jogo de volei"}},{"synonyms":null,"sampleValue":{"value":"Jogo de vôlei"}}],"parentSlotTypeSignature":null,"valueSelectionSetting":{"resolutionStrategy":"ORIGINAL_VALUE","regexFilter":null}}