{"name":"tipoCompromisso","identifier":"UWW1TF9ZNB","description":"Tipo de compromisso ao qual o usuário quer comparecer","slotTypeValues":[{"synonyms":null,"sampleValue":{"value":"consulta médica"}},{"synonyms":null,"sampleValue":{"value":"consulta ao dentista"}},{"synonyms":null,"sampleValue":{"value":"academia"}},{"synonyms":null,"sampleValue":{"value":"jogo de futebol"}},{"synonyms":null,"sampleValue":{"value":"encontro pessoal"}}],"parentSlotTypeSignature":null,"valueSelectionSetting":{"resolutionStrategy":"TOP_RESOLUTION","regexFilter":null}}