{"name":"SaudacaoIntent","identifier":"KOJM3AKFGO","description":"Comprimenta o usuário quando inicia um conversa nova.","parentIntentSignature":null,"sampleUtterances":[{"utterance":"oi"},{"utterance":"ola"},{"utterance":"bom dia"},{"utterance":"boa tarde"},{"utterance":"boa noite"},{"utterance":"agenda"},{"utterance":"iniciar"},{"utterance":"começar"},{"utterance":"comecar"},{"utterance":"start"},{"utterance":"play"},{"utterance":"ativar"},{"utterance":"Ajuda"},{"utterance":"O que você pode fazer?"},{"utterance":"Quais são as suas funções?"},{"utterance":"Como você pode me ajudar?]"},{"utterance":"Menu"},{"utterance":"inicio"}],"intentConfirmationSetting":null,"intentClosingSetting":null,"initialResponseSetting":{"conditional":null,"codeHook":{"isActive":true,"enableCodeHookInvocation":false,"invocationLabel":null,"postCodeHookSpecification":{"failureResponse":null,"failureNextStep":{"sessionAttributes":null,"dialogAction":{"type":"EndConversation","slotToElicit":null,"suppressNextMessage":null},"intent":{"name":null,"slots":null}},"failureConditional":null,"successResponse":null,"successNextStep":{"sessionAttributes":null,"dialogAction":{"type":"EndConversation","slotToElicit":null,"suppressNextMessage":null},"intent":{"name":null,"slots":null}},"successConditional":null,"timeoutResponse":null,"timeoutNextStep":{"sessionAttributes":null,"dialogAction":{"type":"EndConversation","slotToElicit":null,"suppressNextMessage":null},"intent":{"name":null,"slots":null}},"timeoutConditional":null}},"nextStep":{"sessionAttributes":null,"dialogAction":{"type":"InvokeDialogCodeHook","slotToElicit":null,"suppressNextMessage":null},"intent":{"name":null,"slots":null}},"initialResponse":{"messageGroupsList":[{"message":{"ssmlMessage":null,"customPayload":null,"plainTextMessage":{"value":"Olá! Bem-vindo ao seu Assistente de Agendamento!  Sou um assistente de IA projetado para ajudar você a gerenciar suas reuniões e compromissos com facilidade."},"imageResponseCard":null},"variations":null},{"message":{"ssmlMessage":null,"customPayload":null,"plainTextMessage":null,"imageResponseCard":{"title":"Por favor, selecione uma das seguintes opções:","subtitle":null,"imageUrl":null,"buttonsList":[{"value":"Agendar compromisso","text":"Agendar compromisso"},{"value":"Listar compromissos","text":"Listar compromissos"},{"value":"Editar compromisso","text":"Editar compromisso"},{"value":"Cancelar compromisso","text":"Cancelar compromisso"}]}},"variations":null}],"allowInterrupt":true}},"inputContexts":null,"outputContexts":null,"kendraConfiguration":null,"qnAIntentConfiguration":null,"bedrockAgentIntentConfiguration":null,"dialogCodeHook":{"enabled":false},"fulfillmentCodeHook":null,"slotPriorities":[]}